{
    "camera": {
        "fieldOfView": 22.27373589884055,
        "from": [
            -9.967597961425781,
            -10.585871696472168,
            7.163609504699707
        ],
        "to": [
            -9.35342788696289,
            -9.934313774108887,
            6.7183380126953125
        ],
        "up": [
            0.3054208755493164,
            0.32401347160339355,
            0.8953956365585327
        ]
    },
    "output": {
        "resolution": [
            1920,
            1080
        ]
    },
    "surface": [
        "hammer.obj"
    ],
    "directionalLights": [
        {
            "direction": [
                0.35787859559059143,
                -0.5255608558654785,
                0.5962553024291992
            ],
            "radiance": [
                1.0,
                1.0,
                1.0
            ]
        }
    ],
    "pointLights": [
        {
            "location": [
                -4.488897800445557,
                -0.8226120471954346,
                3.0864017009735107
            ],
            "radiance": [
                318.3098861837907,
                318.3098861837907,
                318.3098861837907
            ]
        }
    ]
}